Data_Coleta,Id,Date,Time,Home,Away,Round,League,Season,Odd_H,Odd_D,Odd_A,Odd_Over05_FT,Odd_Under05_FT,Odd_Over25_FT,Odd_Under25_FT,Odd_BTTS_Yes,Odd_BTTS_No,Odd_1X,Odd_12,Odd_X2,Media_GM_H,Media_GS_H,Media_P_H,Media_P_DH,Media_P_OH,Media_P_UH,Media_P_HSJ,Media_P_DHSJ,Media_P_OHSJ,Media_P_UHSJ,Media_Ptos_H,Media_SG_H,Media_PDN_SG_H,Media_VP_H,Media_VG_H,Media_VG_HS,Home_prob_M_0,Home_prob_M_1,Home_prob_M_2,Home_prob_M_3,Home_prob_S_0,Home_prob_S_1,Home_prob_S_2,Home_prob_S_3,Media_GM_A,Media_GS_A,Media_P_A,Media_P_DA,Media_P_OA,Media_P_UA,Media_P_ASJ,Media_P_DASJ,Media_P_OASJ,Media_P_UASJ,Media_Ptos_A,Media_SG_A,Media_PDN_SG_A,Media_VP_A,Media_VG_A,Media_VG_AS,Away_prob_M_0,Away_prob_M_1,Away_prob_M_2,Away_prob_M_3,Away_prob_S_0,Away_prob_S_1,Away_prob_S_2,Away_prob_S_3,P_H,P_D,P_A,P_O,P_U,A_D,DifAbs_HomeDraw,CV_Odds,Favorito,Prob_Home,Prob_Away,Over_Under,PONTDF,SALDF,GMDF,GMSDF,Equilibrio
2025-02-17 20:27:15,QZoF8wKP,01/03/2025,01:00,Auckland FC,Adelaide United,ROUND 21,AUSTRALIA - A-LEAGUE,2024/2025,,,,1.03,15.0,1.67,2.2,1.57,2.25,1.4,1.29,1.62,1.4,1.0,0.54,0.27,0.54,0.51,0.51,0.25,0.52,0.49,2.0,0.4,1.0344,0.5,0.36,0.19,0.7,0.25,0.05,0.01,0.83,0.16,0.01,0.0,2.4,0.8,0.5,0.25,0.67,0.38,0.48,0.24,0.64,0.36,3.0,1.6,0.25,0.9,0.73,0.24,0.48,0.35,0.13,0.03,0.79,0.19,0.02,0.0,,,,0.5988,0.4545,,,,,,,TD_Over,PTS_fORA,SALDO_CASA,GM_Fora_M,GS_Fora_M,Desequilibrado
2025-02-17 20:27:30,CG7zYyEl,01/03/2025,03:00,Brisbane Roar,Melbourne Victory,ROUND 21,AUSTRALIA - A-LEAGUE,2024/2025,,,,1.02,21.0,1.44,2.75,1.57,2.25,2.63,1.18,1.13,0.8,2.4,0.43,0.26,0.63,0.42,0.41,0.24,0.6,0.4,0.0,-1.6,-0.3704,0.0,0.37,1.0,0.69,0.26,0.05,0.01,0.37,0.37,0.18,0.06,1.0,1.6,0.44,0.27,0.58,0.48,0.42,0.26,0.55,0.45,0.8,-0.6,-0.4878,0.22,0.33,0.6,0.72,0.24,0.04,0.0,0.55,0.33,0.1,0.02,,,,0.6944,0.3636,,,,,,,TD_Over,PTS_fORA,SALDO_CASA,GM_Casa_M,GS_Casa_M,Desequilibrado
2025-02-17 20:30:34,YJJ6p7Mc,01/03/2025,12:00,Cercle Brugge KSV,Antwerp,ROUND 28,BELGIUM - JUPILER PRO LEAGUE,2024/2025,,,,,,,,,,,,,0.8,1.0,0.37,0.29,0.53,0.51,0.35,0.27,0.51,0.49,2.0,-0.2,0.3571,0.7,0.26,0.44,0.77,0.2,0.03,0.0,0.64,0.28,0.06,0.01,1.6,1.2,0.42,0.29,0.53,0.52,0.4,0.27,0.51,0.5,1.6,0.4,0.0,0.49,0.53,0.47,0.59,0.31,0.08,0.01,0.63,0.29,0.07,0.01,,,,,,,,,,,,,PTS_CASA,SALDO_CASA,GM_Fora_M,GS_Fora_M,Desequilibrado
2025-02-17 23:00:12,SQxWgFhJ,02/03/2025,18:00,Aucas,Vinotinto,FIRST STAGE ,ECUADOR - LIGA PRO,2025,,,,,,,,,,,,,1.2,2.0,0.42,0.3,0.49,0.56,0.39,0.28,0.47,0.53,0.8,-0.8,0.0,0.23,0.33,0.65,0.72,0.24,0.04,0.0,0.52,0.34,0.11,0.02,,,,,,,,,,,,,,,,,,,,,,,,,,,,,,,,,,,,,,,,,Desequilibrado
2025-02-17 22:58:55,6F2Kw32L,17/02/2025,21:00,Mushuc Runa,Delfin,FIRST STAGE ,ECUADOR - LIGA PRO,2025,1.67,3.75,4.75,1.04,12.0,1.8,2.0,1.8,1.91,1.18,1.25,2.15,1.4,0.6,0.49,0.28,0.51,0.54,0.46,0.26,0.49,0.51,1.8,0.8,0.2381,0.49,0.41,0.22,0.66,0.27,0.06,0.01,0.8,0.18,0.02,0.0,0.6,1.6,0.2,0.28,0.48,0.58,0.19,0.27,0.46,0.55,0.8,-1.0,0.0,0.43,0.36,0.99,0.7,0.25,0.05,0.01,0.37,0.37,0.18,0.06,0.5988,0.2667,0.2105,0.5556,0.5,1.2667,2.08,0.46,Casa_Fav,Odd_Atual_Maior,Odd_Atual_Maior,TD_Over,PTS_CASA,SALDO_CASA,GM_Casa_M,GS_Fora_M,Desequilibrado
2025-02-17 22:48:01,2wnBpT4T,18/02/2025,16:45,Preston,Millwall,ROUND 31,ENGLAND - CHAMPIONSHIP,2024/2025,2.3,3.1,3.25,1.11,6.5,2.7,1.41,2.25,1.57,1.33,1.36,1.57,1.4,0.8,0.37,0.3,0.44,0.61,0.35,0.28,0.42,0.58,1.8,0.6,0.0,0.67,0.55,0.34,0.58,0.32,0.09,0.02,0.71,0.24,0.04,0.0,0.8,1.0,0.25,0.3,0.41,0.63,0.24,0.28,0.39,0.6,1.0,-0.2,0.5128,0.5,0.37,0.48,0.69,0.26,0.05,0.01,0.62,0.3,0.07,0.01,0.4348,0.3226,0.3077,0.3704,0.7092,1.0484,0.8,0.18,Casa_Fav,Odd_Atual_Maior,Odd_Atual_Maior,TD_Under,PTS_CASA,SALDO_fORA,GM_Casa_M,GS_Fora_M,Equilibrado
2025-02-17 22:57:13,SAGzxG1T,18/02/2025,18:00,Bucaramanga,Alianza,APERTURA ,COLOMBIA - PRIMERA A,2025,1.8,3.2,5.25,1.1,7.0,2.5,1.5,2.25,1.57,1.17,1.36,1.95,1.0,1.6,0.37,0.34,0.36,0.7,0.34,0.32,0.34,0.66,0.8,-0.6,-0.2941,0.31,0.33,0.55,0.72,0.24,0.04,0.0,0.58,0.32,0.09,0.02,0.4,2.0,0.16,0.26,0.44,0.62,0.15,0.24,0.42,0.58,0.0,-1.6,-0.578,0.0,0.23,1.29,0.79,0.18,0.02,0.0,0.28,0.36,0.23,0.1,0.5556,0.3125,0.1905,0.4,0.6667,1.6406,1.4,0.51,Casa_Fav,Odd_Atual_Maior,Odd_Atual_Maior,TD_Under,PTS_CASA,SALDO_CASA,GM_Casa_M,GS_Fora_M,Desequilibrado
2025-02-17 22:57:23,v98z7z13,18/02/2025,20:10,Llaneros,Dep. Cali,APERTURA ,COLOMBIA - PRIMERA A,2025,2.4,3.1,3.0,1.1,7.0,2.6,1.48,2.1,1.67,1.36,1.36,1.53,,,,,,,,,,,,,,,,,,,,,,,,,0.6,1.2,0.21,0.29,0.45,0.61,0.2,0.27,0.42,0.57,1.0,-0.6,-2.1429,0.58,0.33,0.72,0.72,0.24,0.04,0.0,0.49,0.35,0.13,0.03,0.4167,0.3226,0.3333,0.3846,0.6757,0.9677,0.7,0.13,Casa_Fav,,Odd_Atual_Maior,TD_Under,,,,,Equilibrado
2025-02-17 22:57:31,4jfhfcHc,18/02/2025,22:20,Chico,Junior,APERTURA ,COLOMBIA - PRIMERA A,2025,2.9,3.0,2.55,1.1,7.0,2.5,1.5,2.1,1.67,1.5,1.36,1.4,0.8,1.6,0.3,0.33,0.37,0.69,0.29,0.31,0.35,0.65,1.4,-0.8,-2.0512,0.56,0.33,0.77,0.72,0.24,0.04,0.0,0.46,0.36,0.14,0.04,0.4,0.8,0.3,0.31,0.42,0.64,0.28,0.29,0.4,0.6,0.6,-0.4,0.0,0.26,0.21,0.4,0.81,0.17,0.02,0.0,0.67,0.27,0.05,0.01,0.3448,0.3333,0.3922,0.4,0.6667,0.85,0.1,0.08,Fora_Fav,Odd_Atual_Maior,Odd_Atual_Maior,TD_Under,PTS_CASA,SALDO_fORA,GM_Casa_M,GS_Casa_M,SP_Equilibrado
2025-02-17 22:46:08,hxj39Vm2,19/02/2025,16:30,Aston Villa,Liverpool,ROUND 29,ENGLAND - PREMIER LEAGUE,2024/2025,3.9,4.1,1.83,1.03,17.0,1.57,2.38,1.53,2.38,1.91,1.22,1.25,2.0,1.0,0.6,0.23,0.66,0.39,0.56,0.22,0.63,0.37,2.6,1.0,0.1176,0.58,0.47,0.25,0.63,0.29,0.07,0.01,0.78,0.19,0.02,0.0,3.4,1.4,0.63,0.22,0.7,0.35,0.6,0.21,0.66,0.34,2.2,2.0,0.3478,0.41,0.67,0.34,0.51,0.34,0.11,0.03,0.71,0.24,0.04,0.0,0.2564,0.2439,0.5464,0.6369,0.4202,0.4463,0.2,0.38,Fora_Fav,Media_Maior,Media_Maior,TD_Over,PTS_CASA,SALDO_fORA,GM_Fora_M,GS_Fora_M,Desequilibrado
2025-02-17 22:48:11,ANX1lB54,19/02/2025,16:45,Luton,Plymouth,ROUND 31,ENGLAND - CHAMPIONSHIP,2024/2025,1.73,3.6,4.75,1.07,9.0,2.05,1.68,1.91,1.8,1.18,1.29,2.05,1.0,0.8,0.47,0.31,0.47,0.58,0.44,0.29,0.45,0.55,1.6,0.2,0.0,0.41,0.26,0.24,0.77,0.2,0.03,0.0,0.79,0.19,0.02,0.0,0.0,2.4,0.17,0.21,0.62,0.43,0.16,0.2,0.59,0.41,0.2,-2.4,0.0,0.12,0.0,1.7,1.0,0.0,0.0,0.0,0.18,0.31,0.26,0.15,0.578,0.2778,0.2105,0.4878,0.5952,1.3194,1.87,0.45,Casa_Fav,Odd_Atual_Maior,Odd_Atual_Maior,TD_Under,PTS_CASA,,GM_Casa_M,GS_Fora_M,Desequilibrado
2025-02-17 22:57:40,0Im1hynA,19/02/2025,22:10,Once Caldas,Pereira,APERTURA ,COLOMBIA - PRIMERA A,2025,1.9,3.3,4.2,1.08,8.0,2.35,1.57,2.1,1.67,1.22,1.33,1.91,1.0,0.8,0.48,0.33,0.41,0.66,0.45,0.31,0.38,0.62,1.2,0.2,0.9999,0.36,0.29,0.17,0.75,0.22,0.03,0.0,0.84,0.14,0.01,0.0,1.0,1.2,0.22,0.32,0.37,0.69,0.21,0.3,0.35,0.65,1.2,-0.2,0.0,0.56,0.47,0.63,0.63,0.29,0.07,0.01,0.53,0.34,0.11,0.02,0.5263,0.303,0.2381,0.4255,0.6369,1.2727,1.4,0.37,Casa_Fav,Odd_Atual_Maior,Odd_Atual_Maior,TD_Under,PTS_fORA,SALDO_CASA,GM_Fora_M,GS_Fora_M,Desequilibrado
2025-02-17 22:57:50,rgPWhQl1,20/02/2025,20:30,U. Magdalena,Millonarios,APERTURA ,COLOMBIA - PRIMERA A,2025,3.3,2.8,2.45,1.14,5.5,3.1,1.36,2.38,1.53,1.53,1.4,1.33,1.6,1.6,0.43,0.32,0.43,0.63,0.41,0.3,0.4,0.6,1.4,0.0,-0.1905,0.5,0.5,0.45,0.61,0.3,0.08,0.01,0.64,0.29,0.06,0.01,1.4,0.4,0.4,0.33,0.39,0.67,0.37,0.31,0.37,0.63,1.8,1.0,0.0,0.56,0.38,0.14,0.68,0.26,0.05,0.01,0.87,0.12,0.01,0.0,0.303,0.3571,0.4082,0.3226,0.7353,0.875,0.5,0.15,Fora_Fav,Media_Maior,Odd_Atual_Maior,TD_Under,PTS_fORA,SALDO_fORA,GM_Casa_M,GS_Casa_M,Equilibrado
2025-02-17 20:25:27,8O4Sw7pA,21/02/2025,05:35,Newcastle Jets,Brisbane Roar,ROUND 20,AUSTRALIA - A-LEAGUE,2024/2025,2.05,3.7,3.4,1.03,17.0,1.57,2.38,1.5,2.5,1.3,1.29,1.73,0.8,1.8,0.31,0.26,0.63,0.42,0.3,0.25,0.6,0.4,0.2,-1.0,-0.7844,0.11,0.38,0.83,0.68,0.26,0.05,0.01,0.44,0.36,0.15,0.04,1.2,2.0,0.21,0.24,0.66,0.4,0.2,0.22,0.62,0.38,0.4,-0.8,-0.6667,0.23,0.68,1.19,0.51,0.34,0.12,0.03,0.3,0.36,0.22,0.09,0.4878,0.2703,0.2941,0.6369,0.4202,0.9189,1.65,0.29,Casa_Fav,Odd_Atual_Maior,Odd_Atual_Maior,TD_Over,PTS_fORA,SALDO_fORA,GM_Fora_M,GS_Fora_M,Equilibrado
2025-02-17 22:51:45,l8HYvLJG,21/02/2025,16:00,Bastia,Red Star,ROUND 24,FRANCE - LIGUE 2,2024/2025,1.73,3.5,4.5,1.07,8.5,2.1,1.7,2.0,1.73,1.18,1.29,2.05,1.8,0.6,0.46,0.31,0.44,0.62,0.43,0.29,0.42,0.58,1.8,1.2,0.6956,0.51,0.46,0.18,0.63,0.29,0.07,0.01,0.84,0.15,0.01,0.0,1.0,1.4,0.32,0.29,0.53,0.52,0.3,0.27,0.5,0.5,1.4,-0.4,0.0,0.63,0.5,0.69,0.61,0.3,0.08,0.01,0.5,0.35,0.12,0.03,0.578,0.2857,0.2222,0.4762,0.5882,1.2857,1.77,0.43,Casa_Fav,Odd_Atual_Maior,Media_Maior,TD_Under,PTS_fORA,SALDO_CASA,GM_Fora_M,GS_Fora_M,Desequilibrado
2025-02-17 22:51:55,htOPtsk4,21/02/2025,16:00,Dunkerque,Clermont,ROUND 24,FRANCE - LIGUE 2,2024/2025,2.0,3.0,3.9,1.08,7.5,2.2,1.65,1.91,1.8,1.25,1.36,1.8,1.8,0.6,0.44,0.31,0.49,0.57,0.41,0.29,0.46,0.54,2.4,1.2,-0.3922,0.72,0.56,0.2,0.57,0.32,0.09,0.02,0.82,0.16,0.02,0.0,0.8,1.0,0.4,0.32,0.44,0.61,0.36,0.29,0.42,0.58,1.8,-0.2,0.2105,0.64,0.29,0.39,0.75,0.22,0.03,0.0,0.68,0.26,0.05,0.01,0.5,0.3333,0.2564,0.4545,0.6061,1.3,1.0,0.32,Casa_Fav,Odd_Atual_Maior,Media_Maior,TD_Under,PTS_CASA,SALDO_fORA,GM_Casa_M,GS_Fora_M,Desequilibrado
2025-02-17 22:52:05,lfx0QL4N,21/02/2025,16:00,Grenoble,Guingamp,ROUND 24,FRANCE - LIGUE 2,2024/2025,,,,1.07,9.0,2.08,1.73,1.83,1.83,1.57,1.36,1.36,0.8,1.0,0.48,0.3,0.5,0.56,0.44,0.27,0.47,0.53,1.4,-0.2,0.1333,0.41,0.31,0.38,0.73,0.23,0.04,0.0,0.68,0.26,0.05,0.01,1.4,1.6,0.37,0.29,0.53,0.54,0.34,0.27,0.5,0.5,1.2,-0.2,1.2246,0.37,0.56,0.76,0.57,0.32,0.09,0.02,0.47,0.36,0.14,0.03,,,,0.4808,0.578,,,,,,,TD_Under,PTS_CASA,SALDO_fORA,GM_Fora_M,GS_Fora_M,Desequilibrado
2025-02-17 22:52:20,pGKHr3Ki,21/02/2025,16:00,Martigues,Annecy,ROUND 24,FRANCE - LIGUE 2,2024/2025,,,,1.08,8.25,2.1,1.75,1.88,1.87,1.7,1.29,1.37,0.0,1.8,0.24,0.29,0.51,0.55,0.23,0.26,0.48,0.52,0.0,-1.8,-0.5988,0.0,0.0,0.96,1.0,0.0,0.0,0.0,0.38,0.37,0.18,0.06,1.0,2.0,0.26,0.29,0.51,0.54,0.24,0.27,0.49,0.51,1.0,-1.0,0.3472,0.44,0.52,1.12,0.59,0.31,0.08,0.01,0.33,0.37,0.2,0.08,,,,0.4762,0.5714,,,,,,,TD_Under,PTS_fORA,SALDO_fORA,GM_Fora_M,GS_Fora_M,Desequilibrado
2025-02-17 22:52:40,bJ6KPPmA,21/02/2025,16:00,Paris FC,Troyes,ROUND 24,FRANCE - LIGUE 2,2024/2025,1.7,3.6,4.75,1.07,9.0,2.1,1.7,2.0,1.73,1.15,1.25,2.1,1.4,1.2,0.66,0.24,0.55,0.5,0.61,0.23,0.52,0.48,1.6,0.2,0.1905,0.3,0.25,0.2,0.78,0.19,0.02,0.0,0.82,0.16,0.02,0.0,1.6,0.8,0.32,0.29,0.52,0.53,0.29,0.27,0.5,0.5,1.8,0.8,-0.4167,0.77,0.64,0.44,0.53,0.34,0.11,0.02,0.64,0.28,0.06,0.01,0.5882,0.2778,0.2105,0.4762,0.5882,1.3194,1.9,0.46,Casa_Fav,Media_Maior,Media_Maior,TD_Under,PTS_fORA,SALDO_CASA,GM_Fora_M,GS_Fora_M,Desequilibrado
2025-02-17 22:52:56,4KsVKaSp,21/02/2025,16:00,Rodez,Amiens,ROUND 24,FRANCE - LIGUE 2,2024/2025,,,,1.06,10.0,1.87,1.87,1.8,1.91,1.15,1.25,2.0,2.2,1.4,0.43,0.28,0.58,0.47,0.4,0.26,0.55,0.45,2.0,0.8,0.3704,0.74,0.84,0.56,0.43,0.36,0.15,0.04,0.57,0.32,0.09,0.02,1.0,1.4,0.29,0.3,0.48,0.57,0.27,0.28,0.46,0.54,1.2,-0.4,-0.6061,0.54,0.45,0.67,0.64,0.29,0.06,0.01,0.51,0.34,0.11,0.03,,,,0.5348,0.5348,,,,,,,,PTS_CASA,SALDO_CASA,GM_Casa_M,GS_Fora_M,Desequilibrado
2025-02-17 22:29:32,IkWrItmT,21/02/2025,16:30,Malaga,Tenerife,ROUND 28,SPAIN - LALIGA2,2024/2025,,,,1.13,6.0,2.7,1.44,2.2,1.62,1.3,1.36,1.62,,,,,,,,,,,,,,,,,,,,,,,,,,,,,,,,,,,,,,,,,,,,,,,,,,,,0.3704,0.6944,,,,,,,TD_Under,,,,,Desequilibrado
2025-02-17 20:28:03,nNy6FnNN,21/02/2025,16:45,KV Mechelen,St. Truiden,ROUND 27,BELGIUM - JUPILER PRO LEAGUE,2024/2025,,,,1.03,15.0,1.62,2.25,1.57,2.25,1.29,1.29,1.8,1.2,0.8,0.46,0.26,0.58,0.48,0.42,0.24,0.55,0.45,1.2,0.4,0.0,0.3,0.38,0.41,0.68,0.26,0.05,0.01,0.66,0.27,0.06,0.01,0.8,3.2,0.21,0.26,0.58,0.48,0.2,0.24,0.55,0.45,0.0,-2.4,-0.5714,0.0,0.48,2.1,0.62,0.3,0.07,0.01,0.12,0.26,0.27,0.19,,,,0.6173,0.4444,,,,,,,TD_Over,PTS_CASA,SALDO_CASA,GM_Fora_M,GS_Fora_M,Desequilibrado
2025-02-17 22:48:21,v1pUdiBj,21/02/2025,16:45,Bristol City,Middlesbrough,ROUND 34,ENGLAND - CHAMPIONSHIP,2024/2025,2.25,3.4,3.1,1.05,11.0,1.9,1.95,1.67,2.1,1.36,1.3,1.62,2.0,0.2,0.6,0.26,0.51,0.54,0.56,0.25,0.49,0.51,2.6,1.8,0.2105,0.52,0.35,0.04,0.7,0.25,0.04,0.01,0.96,0.04,0.0,0.0,1.4,1.8,0.44,0.27,0.56,0.48,0.42,0.26,0.54,0.46,1.0,-0.4,-0.2439,0.32,0.42,0.63,0.66,0.28,0.06,0.01,0.53,0.34,0.11,0.02,0.4444,0.2941,0.3226,0.5263,0.5128,0.9118,1.15,0.2,Casa_Fav,Media_Maior,Media_Maior,TD_Over,PTS_CASA,SALDO_CASA,GM_Fora_M,GS_Fora_M,Equilibrado
2025-02-17 22:49:57,fR5MLkbs,21/02/2025,16:45,Rennes,Reims,ROUND 23,FRANCE - LIGUE 1,2024/2025,1.72,3.6,4.75,1.06,10.0,2.04,1.86,1.91,1.91,1.18,1.29,2.0,1.8,1.2,0.5,0.28,0.47,0.57,0.48,0.27,0.45,0.55,1.2,0.6,-0.2381,0.22,0.39,0.4,0.68,0.26,0.05,0.01,0.67,0.27,0.05,0.01,1.0,1.2,0.39,0.3,0.52,0.52,0.37,0.29,0.5,0.5,0.8,-0.2,-0.5882,0.25,0.29,0.4,0.75,0.22,0.03,0.0,0.67,0.27,0.05,0.01,0.5814,0.2778,0.2105,0.4902,0.5376,1.3194,1.88,0.46,Casa_Fav,Odd_Atual_Maior,Media_Maior,TD_Under,PTS_fORA,SALDO_CASA,GM_Casa_M,,Desequilibrado
2025-02-17 22:46:18,xQ77QTN0,21/02/2025,17:00,Leicester,Brentford,ROUND 26,ENGLAND - PREMIER LEAGUE,2024/2025,3.5,3.5,2.0,1.03,15.0,1.57,2.38,1.5,2.5,1.8,1.29,1.29,1.0,2.0,0.25,0.25,0.62,0.43,0.24,0.24,0.59,0.41,0.8,-1.0,-1.0472,0.38,0.5,1.11,0.61,0.3,0.08,0.01,0.33,0.37,0.2,0.08,1.4,1.0,0.27,0.24,0.64,0.41,0.25,0.23,0.61,0.39,1.0,0.4,1.5385,0.4,0.58,0.66,0.56,0.32,0.09,0.02,0.52,0.34,0.11,0.02,0.2857,0.2857,0.5,0.6369,0.4202,0.5714,0.0,0.29,Fora_Fav,Odd_Atual_Maior,Odd_Atual_Maior,TD_Over,PTS_fORA,SALDO_fORA,GM_Fora_M,GS_Casa_M,Equilibrado
2025-02-17 22:48:30,pbXFKf3c,21/02/2025,17:00,Burnley,Sheffield Wed,ROUND 34,ENGLAND - CHAMPIONSHIP,2024/2025,1.75,3.5,4.75,1.1,7.0,2.38,1.57,2.25,1.57,1.15,1.25,2.0,0.6,0.4,0.55,0.28,0.44,0.6,0.52,0.26,0.42,0.58,1.4,0.2,0.0,0.31,0.15,0.11,0.86,0.13,0.01,0.0,0.9,0.1,0.01,0.0,1.8,2.2,0.32,0.28,0.49,0.56,0.3,0.27,0.47,0.54,1.4,-0.4,-2.1429,0.52,0.73,1.11,0.48,0.35,0.13,0.03,0.33,0.37,0.2,0.08,0.5714,0.2857,0.2105,0.4202,0.6369,1.3571,1.75,0.45,Casa_Fav,Odd_Atual_Maior,Media_Maior,TD_Under,PTS_fORA,SALDO_CASA,GM_Fora_M,GS_Fora_M,Desequilibrado
2025-02-17 22:59:05,vst1jtnR,21/02/2025,21:00,Dep. Cuenca,Aucas,FIRST STAGE ,ECUADOR - LIGA PRO,2025,2.2,3.0,3.4,1.08,8.0,2.15,1.67,1.8,1.8,1.3,1.36,1.67,0.8,1.4,0.35,0.3,0.48,0.58,0.33,0.28,0.45,0.55,0.8,-0.6,-1.156,0.3,0.3,0.61,0.74,0.22,0.03,0.0,0.54,0.33,0.1,0.02,1.2,0.8,0.35,0.28,0.52,0.53,0.33,0.26,0.49,0.51,1.2,0.4,-0.6536,0.4,0.47,0.46,0.63,0.29,0.07,0.01,0.63,0.29,0.07,0.01,0.4545,0.3333,0.2941,0.4651,0.5988,1.1333,0.8,0.21,Casa_Fav,Odd_Atual_Maior,Media_Maior,TD_Under,PTS_fORA,SALDO_fORA,GM_Fora_M,GS_Casa_M,Equilibrado
2025-02-17 22:57:57,lxFkGaeE,21/02/2025,21:30,La Equidad,Chico,APERTURA ,COLOMBIA - PRIMERA A,2025,1.75,3.2,5.4,1.11,5.8,2.4,1.53,2.18,1.62,1.17,1.32,2.1,1.6,1.4,0.41,0.33,0.37,0.7,0.38,0.31,0.34,0.66,1.6,0.2,0.0,0.48,0.54,0.49,0.58,0.31,0.08,0.02,0.61,0.3,0.07,0.01,0.8,3.0,0.17,0.28,0.44,0.62,0.16,0.26,0.42,0.58,0.0,-2.2,-1.3332,0.0,0.56,1.93,0.57,0.32,0.09,0.02,0.15,0.28,0.27,0.17,0.5714,0.3125,0.1852,0.4167,0.6536,1.6875,1.45,0.53,Casa_Fav,Odd_Atual_Maior,Odd_Atual_Maior,TD_Under,PTS_CASA,SALDO_CASA,GM_Fora_M,GS_Fora_M,Desequilibrado
2025-02-17 20:25:40,vRwSndc6,22/02/2025,01:00,Auckland FC,Wellington Phoenix,ROUND 20,AUSTRALIA - A-LEAGUE,2024/2025,1.5,4.5,6.0,1.04,12.0,1.83,2.03,1.95,1.8,1.13,1.18,2.5,1.4,1.0,0.54,0.27,0.54,0.51,0.51,0.25,0.52,0.49,2.0,0.4,1.0344,0.5,0.36,0.19,0.7,0.25,0.05,0.01,0.83,0.16,0.01,0.0,1.4,1.6,0.3,0.29,0.53,0.52,0.28,0.27,0.51,0.49,1.2,-0.2,-1.0928,0.47,0.6,0.82,0.55,0.33,0.1,0.02,0.44,0.36,0.15,0.04,0.6667,0.2222,0.1667,0.5464,0.4926,1.3333,3.0,0.57,Casa_Fav,Odd_Atual_Maior,Media_Maior,TD_Over,PTS_CASA,SALDO_CASA,GM_Fora_M,GS_Fora_M,Desequilibrado
2025-02-17 20:25:53,SQKTyoFM,22/02/2025,03:00,Central Coast Mariners,WS Wanderers,ROUND 20,AUSTRALIA - A-LEAGUE,2024/2025,3.2,3.4,2.15,1.03,15.0,1.62,2.3,1.5,2.5,1.67,1.3,1.36,0.8,2.6,0.33,0.29,0.55,0.5,0.32,0.27,0.52,0.48,0.8,-1.8,0.0,0.41,0.38,1.08,0.68,0.26,0.05,0.01,0.34,0.37,0.2,0.07,2.2,1.8,0.33,0.22,0.71,0.34,0.31,0.21,0.68,0.32,2.0,0.4,0.2,0.93,1.15,1.02,0.32,0.36,0.21,0.08,0.36,0.37,0.19,0.06,0.3125,0.2941,0.4651,0.6173,0.4348,0.6324,0.2,0.23,Fora_Fav,Media_Maior,Odd_Atual_Maior,TD_Over,PTS_fORA,SALDO_fORA,GM_Fora_M,GS_Casa_M,Equilibrado
2025-02-17 20:26:06,b9BaWOxp,22/02/2025,05:35,Melbourne Victory,Melbourne City,ROUND 20,AUSTRALIA - A-LEAGUE,2024/2025,2.0,3.8,3.4,1.04,13.0,1.73,2.1,1.67,2.1,1.3,1.25,1.8,2.0,1.4,0.63,0.23,0.65,0.41,0.59,0.22,0.62,0.38,1.6,0.6,-0.2381,0.27,0.41,0.34,0.66,0.27,0.06,0.01,0.71,0.24,0.04,0.0,2.2,1.2,0.38,0.28,0.57,0.49,0.36,0.27,0.54,0.46,1.6,1.0,-1.2246,0.58,0.79,0.48,0.45,0.36,0.14,0.04,0.62,0.3,0.07,0.01,0.5,0.2632,0.2941,0.578,0.4762,0.8947,1.8,0.31,Casa_Fav,Media_Maior,Media_Maior,TD_Over,PTS_fORA,SALDO_CASA,GM_Fora_M,GS_Fora_M,Desequilibrado
2025-02-17 20:26:19,KOa8U27d,22/02/2025,07:45,Perth Glory,Sydney FC,ROUND 20,AUSTRALIA - A-LEAGUE,2024/2025,,,,1.01,29.0,1.3,3.5,1.4,2.75,2.38,1.18,1.17,0.8,2.4,0.23,0.23,0.68,0.37,0.22,0.22,0.64,0.36,0.6,-1.6,-0.6667,0.41,0.53,1.32,0.59,0.31,0.08,0.01,0.27,0.35,0.23,0.1,1.8,1.8,0.49,0.25,0.67,0.38,0.46,0.24,0.64,0.36,1.2,0.0,0.0,0.4,0.66,0.64,0.52,0.34,0.11,0.02,0.53,0.34,0.11,0.02,,,,0.7692,0.2857,,,,,,,TD_Over,PTS_CASA,SALDO_fORA,GM_Fora_M,GS_Casa_M,Desequilibrado
2025-02-17 22:46:30,jTZJZX0E,22/02/2025,09:30,Everton,Manchester Utd,ROUND 26,ENGLAND - PREMIER LEAGUE,2024/2025,2.55,3.2,2.75,1.07,9.0,2.2,1.67,1.91,1.91,1.4,1.36,1.5,1.4,1.0,0.35,0.3,0.5,0.54,0.34,0.28,0.48,0.52,1.4,0.4,0.3571,0.5,0.44,0.37,0.64,0.28,0.06,0.01,0.69,0.26,0.05,0.01,1.0,1.6,0.33,0.23,0.63,0.42,0.31,0.21,0.6,0.4,1.0,-0.6,0.0,0.59,0.6,0.84,0.55,0.33,0.1,0.02,0.43,0.36,0.15,0.04,0.3922,0.3125,0.3636,0.4545,0.5988,0.8594,0.65,0.12,Casa_Fav,Odd_Atual_Maior,Odd_Atual_Maior,TD_Under,PTS_fORA,SALDO_CASA,GM_Fora_M,GS_Fora_M,Equilibrado
2025-02-17 22:48:39,EwPWGC2M,22/02/2025,09:30,Derby,Millwall,ROUND 34,ENGLAND - CHAMPIONSHIP,2024/2025,2.45,3.4,2.75,1.08,7.5,2.5,1.53,2.2,1.62,1.37,1.27,1.5,1.2,1.0,0.36,0.29,0.45,0.6,0.34,0.27,0.43,0.57,1.2,0.2,-0.5405,0.38,0.35,0.41,0.7,0.25,0.04,0.01,0.66,0.27,0.06,0.01,0.8,1.0,0.25,0.3,0.41,0.63,0.24,0.28,0.39,0.6,1.0,-0.2,0.5128,0.5,0.37,0.48,0.69,0.26,0.05,0.01,0.62,0.3,0.07,0.01,0.4082,0.2941,0.3636,0.4,0.6536,0.8088,0.95,0.17,Casa_Fav,Odd_Atual_Maior,Odd_Atual_Maior,TD_Under,PTS_fORA,SALDO_fORA,GM_Fora_M,GS_Fora_M,Equilibrado
2025-02-17 22:48:47,hEiLT7af,22/02/2025,09:30,Plymouth,Cardiff,ROUND 34,ENGLAND - CHAMPIONSHIP,2024/2025,2.45,3.6,2.7,1.05,11.0,1.9,1.95,1.73,2.0,1.41,1.25,1.5,1.2,2.4,0.28,0.27,0.53,0.52,0.26,0.25,0.5,0.5,0.6,-1.2,-3.1845,0.31,0.7,1.41,0.5,0.35,0.12,0.03,0.24,0.34,0.24,0.11,1.8,1.8,0.26,0.3,0.46,0.58,0.24,0.28,0.44,0.56,1.2,0.0,0.0,0.64,0.88,0.84,0.41,0.37,0.16,0.05,0.43,0.36,0.15,0.04,0.4082,0.2778,0.3704,0.5263,0.5128,0.75,1.15,0.21,Casa_Fav,Odd_Atual_Maior,Odd_Atual_Maior,TD_Over,PTS_fORA,SALDO_fORA,GM_Fora_M,GS_Casa_M,Equilibrado
2025-02-17 22:48:56,Ei45VBHF,22/02/2025,09:30,Sunderland,Hull,ROUND 34,ENGLAND - CHAMPIONSHIP,2024/2025,1.67,3.7,4.75,1.06,9.5,2.05,1.8,1.91,1.8,1.15,1.25,2.15,1.6,0.8,0.57,0.27,0.53,0.52,0.53,0.25,0.5,0.5,2.6,0.8,0.1818,0.59,0.37,0.19,0.69,0.26,0.05,0.01,0.83,0.16,0.01,0.0,0.8,1.2,0.26,0.28,0.5,0.55,0.24,0.26,0.48,0.52,1.2,-0.4,0.4762,0.59,0.44,0.69,0.64,0.28,0.06,0.01,0.5,0.35,0.12,0.03,0.5988,0.2703,0.2105,0.4878,0.5556,1.2838,2.03,0.46,Casa_Fav,Odd_Atual_Maior,Media_Maior,TD_Under,,SALDO_fORA,GM_Fora_M,GS_Fora_M,Desequilibrado
2025-02-17 22:29:47,QegAY1X9,22/02/2025,10:00,Racing Club Ferrol,Cordoba,ROUND 28,SPAIN - LALIGA2,2024/2025,3.0,3.0,2.4,1.08,8.0,2.25,1.62,1.83,1.83,1.53,1.36,1.36,,,,,,,,,,,,,,,,,,,,,,,,,,,,,,,,,,,,,,,,,,,,,,,,,0.3333,0.3333,0.4167,0.4444,0.6173,0.8,0.0,0.12,Fora_Fav,,,TD_Under,,,,,Equilibrado
2025-02-17 22:53:10,hSriSszB,22/02/2025,10:00,Caen,Pau FC,ROUND 24,FRANCE - LIGUE 2,2024/2025,,,,1.07,8.5,2.0,1.82,1.75,2.02,1.44,1.32,1.55,1.0,1.2,0.47,0.3,0.5,0.55,0.44,0.28,0.48,0.52,0.8,-0.2,-0.2778,0.25,0.33,0.38,0.72,0.24,0.04,0.0,0.68,0.26,0.05,0.01,0.6,1.4,0.36,0.3,0.52,0.53,0.33,0.28,0.5,0.5,0.8,-0.8,0.7408,0.33,0.22,0.54,0.8,0.18,0.02,0.0,0.58,0.31,0.08,0.02,,,,0.5,0.5495,,,,,,,TD_Under,PTS_fORA,SALDO_fORA,GM_Casa_M,GS_Fora_M,Desequilibrado
2025-02-17 22:53:25,fXGQBMkU,22/02/2025,10:00,Lorient,Laval,ROUND 24,FRANCE - LIGUE 2,2024/2025,,,,1.05,11.0,1.82,1.92,2.0,1.73,1.08,1.19,2.62,2.2,0.6,0.59,0.26,0.57,0.48,0.55,0.24,0.54,0.46,2.6,1.6,0.0,0.58,0.46,0.11,0.63,0.29,0.07,0.01,0.9,0.1,0.01,0.0,1.4,0.8,0.31,0.31,0.45,0.62,0.29,0.29,0.42,0.58,1.6,0.6,0.0,0.67,0.57,0.39,0.57,0.32,0.09,0.02,0.68,0.26,0.05,0.01,,,,0.5495,0.5208,,,,,,,TD_Over,PTS_fORA,,GM_Fora_M,GS_Fora_M,Desequilibrado
2025-02-17 20:28:18,b15OXTxh,22/02/2025,12:00,Dender,Beerschot VA,ROUND 27,BELGIUM - JUPILER PRO LEAGUE,2024/2025,,,,1.06,10.0,2.0,1.85,1.8,1.95,1.2,1.29,1.91,1.0,1.8,0.33,0.3,0.53,0.52,0.31,0.28,0.5,0.5,1.0,-0.8,0.0,0.42,0.43,0.79,0.65,0.28,0.06,0.01,0.45,0.36,0.14,0.04,0.6,2.4,0.16,0.22,0.63,0.44,0.15,0.2,0.59,0.41,0.0,-1.8,-1.6394,0.0,0.48,1.75,0.62,0.3,0.07,0.01,0.17,0.3,0.27,0.16,,,,0.5,0.5405,,,,,,,TD_Under,PTS_CASA,SALDO_CASA,GM_Fora_M,GS_Fora_M,Desequilibrado
2025-02-17 22:46:42,27gPDjve,22/02/2025,12:00,Arsenal,West Ham,ROUND 26,ENGLAND - PREMIER LEAGUE,2024/2025,1.29,5.25,12.0,1.04,13.0,1.67,2.2,2.1,1.67,1.05,1.17,3.5,1.4,0.6,0.76,0.19,0.64,0.41,0.71,0.18,0.61,0.39,2.2,0.8,0.0,0.26,0.19,0.09,0.83,0.16,0.01,0.0,0.91,0.08,0.0,0.0,1.2,1.6,0.28,0.23,0.65,0.4,0.26,0.22,0.62,0.39,1.4,-0.4,-2.4591,0.72,0.69,0.97,0.5,0.35,0.12,0.03,0.38,0.37,0.18,0.06,0.7752,0.1905,0.0833,0.5988,0.4545,2.2857,3.96,0.88,Casa_Fav,Odd_Atual_Maior,Media_Maior,TD_Over,PTS_fORA,SALDO_CASA,GM_Fora_M,GS_Fora_M,Desequilibrado
2025-02-17 22:46:51,fsjHFC9r,22/02/2025,12:00,Bournemouth,Wolves,ROUND 26,ENGLAND - PREMIER LEAGUE,2024/2025,1.62,3.9,5.5,1.03,15.0,1.62,2.3,1.62,2.2,1.14,1.25,2.25,1.6,0.2,0.53,0.26,0.61,0.44,0.5,0.25,0.58,0.42,2.2,1.4,1.316,0.58,0.42,0.05,0.66,0.28,0.06,0.01,0.95,0.05,0.0,0.0,1.2,2.2,0.26,0.26,0.62,0.43,0.24,0.24,0.59,0.41,0.8,-1.0,-2.2059,0.33,0.56,1.29,0.57,0.32,0.09,0.02,0.28,0.36,0.23,0.1,0.6173,0.2564,0.1818,0.6173,0.4348,1.4103,2.28,0.53,Casa_Fav,Odd_Atual_Maior,Media_Maior,TD_Over,PTS_CASA,SALDO_CASA,GM_Fora_M,GS_Fora_M,Desequilibrado
2025-02-17 22:47:00,pSSSXBVQ,22/02/2025,12:00,Fulham,Crystal Palace,ROUND 26,ENGLAND - PREMIER LEAGUE,2024/2025,2.1,3.3,3.6,1.06,10.0,2.01,1.89,1.75,2.0,1.29,1.33,1.7,1.6,1.2,0.47,0.26,0.57,0.48,0.44,0.24,0.54,0.46,1.4,0.4,0.0,0.48,0.55,0.39,0.58,0.32,0.09,0.02,0.68,0.26,0.05,0.01,1.6,0.2,0.38,0.28,0.54,0.5,0.36,0.27,0.52,0.48,2.6,1.4,0.7272,0.97,0.63,0.1,0.53,0.34,0.11,0.02,0.9,0.09,0.0,0.0,0.4762,0.303,0.2778,0.4975,0.5291,1.0909,1.2,0.26,Casa_Fav,Odd_Atual_Maior,Media_Maior,TD_Under,PTS_fORA,SALDO_fORA,GM_Fora_M,GS_Casa_M,Equilibrado
2025-02-17 22:47:08,tbEbSkgl,22/02/2025,12:00,Ipswich,Tottenham,ROUND 26,ENGLAND - PREMIER LEAGUE,2024/2025,3.8,3.5,1.95,1.03,15.0,1.57,2.38,1.5,2.5,1.8,1.29,1.25,0.6,2.8,0.21,0.24,0.63,0.42,0.2,0.23,0.6,0.4,0.6,-2.2,-4.2858,0.43,0.39,1.73,0.68,0.26,0.05,0.01,0.18,0.31,0.27,0.15,1.6,1.4,0.35,0.24,0.68,0.36,0.33,0.23,0.65,0.35,0.6,0.2,-0.4,0.15,0.56,0.72,0.57,0.32,0.09,0.02,0.49,0.35,0.13,0.03,0.2632,0.2857,0.5128,0.6369,0.4202,0.5571,0.3,0.32,Fora_Fav,Odd_Atual_Maior,Odd_Atual_Maior,TD_Over,PTS_CASA,SALDO_fORA,GM_Fora_M,GS_Casa_M,Desequilibrado
2025-02-17 22:47:17,MVlXtk8s,22/02/2025,12:00,Southampton,Brighton,ROUND 26,ENGLAND - PREMIER LEAGUE,2024/2025,5.75,4.0,1.57,1.03,15.0,1.57,2.25,1.62,2.2,2.3,1.22,1.14,0.6,3.8,0.22,0.23,0.68,0.37,0.21,0.22,0.65,0.35,0.0,-3.2,-2.381,0.0,0.45,2.36,0.64,0.29,0.06,0.01,0.09,0.22,0.26,0.21,2.0,1.2,0.42,0.27,0.61,0.44,0.4,0.26,0.58,0.42,1.8,0.8,0.8888,0.65,0.74,0.46,0.48,0.35,0.13,0.03,0.63,0.29,0.07,0.01,0.1739,0.25,0.6369,0.6369,0.4444,0.3925,1.75,0.56,Fora_Fav,Media_Maior,Odd_Atual_Maior,TD_Over,PTS_fORA,SALDO_fORA,GM_Fora_M,GS_Casa_M,Desequilibrado
2025-02-17 22:49:08,tQQOIYX9,22/02/2025,12:00,Coventry,Preston,ROUND 34,ENGLAND - CHAMPIONSHIP,2024/2025,1.83,3.75,4.0,1.07,9.0,2.2,1.67,2.0,1.73,1.19,1.22,1.87,1.8,0.6,0.58,0.25,0.55,0.51,0.55,0.24,0.52,0.48,2.2,1.2,0.3333,0.5,0.34,0.13,0.71,0.24,0.04,0.0,0.88,0.11,0.01,0.0,1.2,1.2,0.29,0.31,0.42,0.63,0.27,0.29,0.4,0.6,1.4,0.0,0.4878,0.66,0.55,0.55,0.58,0.32,0.09,0.02,0.58,0.32,0.09,0.02,0.5464,0.2667,0.25,0.4545,0.5988,1.0667,1.92,0.37,Casa_Fav,Media_Maior,Media_Maior,TD_Under,PTS_fORA,SALDO_fORA,GM_Fora_M,GS_Fora_M,Desequilibrado
2025-02-17 22:49:22,YN53BjQq,22/02/2025,12:00,Norwich,Stoke,ROUND 34,ENGLAND - CHAMPIONSHIP,2024/2025,1.62,4.1,5.0,1.04,12.0,1.83,2.03,1.83,1.83,1.13,1.19,2.25,2.0,1.4,0.48,0.29,0.5,0.55,0.45,0.27,0.47,0.53,2.0,0.6,0.2778,0.57,0.6,0.43,0.55,0.33,0.1,0.02,0.65,0.28,0.06,0.01,0.6,1.6,0.25,0.28,0.5,0.55,0.23,0.26,0.48,0.52,0.4,-1.0,-0.8404,0.24,0.29,0.78,0.75,0.22,0.03,0.0,0.46,0.36,0.14,0.04,0.6173,0.2439,0.2,0.5464,0.4926,1.2195,2.48,0.49,Casa_Fav,Odd_Atual_Maior,Media_Maior,TD_Over,PTS_CASA,SALDO_CASA,GM_Casa_M,GS_Fora_M,Desequilibrado
2025-02-17 22:49:31,QVNA9Ufd,22/02/2025,12:00,Portsmouth,QPR,ROUND 34,ENGLAND - CHAMPIONSHIP,2024/2025,2.3,3.3,3.1,1.06,9.5,2.0,1.8,1.8,1.91,1.33,1.3,1.54,2.6,0.8,0.33,0.3,0.48,0.57,0.31,0.28,0.46,0.54,2.4,1.8,-0.303,1.12,1.22,0.34,0.3,0.36,0.22,0.09,0.71,0.24,0.04,0.0,1.0,1.2,0.26,0.29,0.48,0.57,0.25,0.27,0.46,0.54,1.6,-0.2,0.4545,0.73,0.49,0.65,0.61,0.3,0.07,0.01,0.52,0.34,0.11,0.02,0.4348,0.303,0.3226,0.5,0.5556,0.9394,1.0,0.18,Casa_Fav,Odd_Atual_Maior,Odd_Atual_Maior,TD_Under,PTS_CASA,SALDO_fORA,GM_Casa_M,GS_Fora_M,Equilibrado
2025-02-17 22:30:00,A54g7PYA,22/02/2025,12:15,Burgos CF,R. Oviedo,ROUND 28,SPAIN - LALIGA2,2024/2025,2.8,2.75,2.7,1.13,6.0,2.7,1.44,2.2,1.62,1.44,1.4,1.4,,,,,,,,,,,,,,,,,,,,,,,,,,,,,,,,,,,,,,,,,,,,,,,,,0.3571,0.3636,0.3704,0.3704,0.6944,0.9818,0.05,0.02,Fora_Fav,,,TD_Under,,,,,SP_Equilibrado
2025-02-17 22:30:11,rDyKNpJi,22/02/2025,12:15,Eibar,Racing Santander,ROUND 28,SPAIN - LALIGA2,2024/2025,,,,1.04,9.5,2.05,1.8,1.77,1.87,1.33,1.3,1.62,,,,,,,,,,,,,,,,,,,,,,,,,,,,,,,,,,,,,,,,,,,,,,,,,,,,0.4878,0.5556,,,,,,,TD_Under,,,,,Desequilibrado
2025-02-17 22:50:07,MgPVH7c6,22/02/2025,13:00,Lille,Monaco,ROUND 23,FRANCE - LIGUE 1,2024/2025,2.2,3.6,3.1,1.03,15.0,1.62,2.15,1.57,2.25,1.36,1.29,1.67,1.6,0.8,0.56,0.27,0.52,0.52,0.53,0.26,0.5,0.5,2.2,0.8,0.25,0.48,0.34,0.18,0.71,0.24,0.04,0.0,0.84,0.15,0.01,0.0,1.4,1.4,0.47,0.29,0.55,0.5,0.44,0.27,0.52,0.48,1.0,0.0,0.0,0.27,0.4,0.42,0.67,0.27,0.05,0.01,0.66,0.28,0.06,0.01,0.4545,0.2778,0.3226,0.6173,0.4651,0.8611,1.4,0.24,Casa_Fav,Media_Maior,Media_Maior,TD_Over,PTS_CASA,SALDO_CASA,GM_Fora_M,GS_Fora_M,Equilibrado
2025-02-17 20:28:35,WfDxAQpo,22/02/2025,14:15,Westerlo,Charleroi,ROUND 27,BELGIUM - JUPILER PRO LEAGUE,2024/2025,,,,1.03,15.0,1.67,2.15,1.57,2.25,1.36,1.29,1.67,2.0,1.0,0.51,0.27,0.64,0.43,0.48,0.25,0.6,0.4,1.6,1.0,-0.2941,0.43,0.56,0.32,0.57,0.32,0.09,0.02,0.73,0.23,0.04,0.0,0.8,1.4,0.33,0.28,0.53,0.51,0.31,0.26,0.51,0.49,1.2,-0.6,0.2632,0.47,0.37,0.77,0.69,0.26,0.05,0.01,0.46,0.36,0.14,0.04,,,,0.5988,0.4651,,,,,,,TD_Over,PTS_fORA,SALDO_fORA,GM_Casa_M,GS_Fora_M,Desequilibrado
2025-02-17 22:30:26,GQZRLOm4,22/02/2025,14:30,Granada CF,Zaragoza,ROUND 28,SPAIN - LALIGA2,2024/2025,,,,1.05,8.0,2.25,1.62,2.0,1.69,1.22,1.33,1.8,1.4,1.6,0.3,0.3,0.46,0.6,0.29,0.29,0.44,0.56,1.2,-0.2,-2.5808,0.39,0.53,0.91,0.59,0.31,0.08,0.01,0.4,0.37,0.17,0.05,,,,,,,,,,,,,,,,,,,,,,,,,,,,0.4444,0.6173,,,,,,,TD_Under,,,,,Desequilibrado
2025-02-17 22:47:25,OMsYBU87,22/02/2025,14:30,Aston Villa,Chelsea,ROUND 26,ENGLAND - PREMIER LEAGUE,2024/2025,2.63,3.4,2.55,1.03,15.0,1.53,2.32,1.44,2.63,1.5,1.3,1.44,2.0,1.0,0.6,0.23,0.66,0.39,0.56,0.22,0.63,0.37,2.6,1.0,0.1176,0.58,0.47,0.25,0.63,0.29,0.07,0.01,0.78,0.19,0.02,0.0,2.0,1.4,0.61,0.23,0.69,0.36,0.58,0.21,0.66,0.34,1.6,0.6,0.0,0.38,0.45,0.34,0.64,0.29,0.06,0.01,0.71,0.24,0.04,0.0,0.3802,0.2941,0.3922,0.6536,0.431,0.75,0.77,0.16,Fora_Fav,Media_Maior,Media_Maior,TD_Over,PTS_CASA,SALDO_CASA,GM_Casa_M,GS_Fora_M,Equilibrado
2025-02-17 22:50:17,Es1dYSsm,22/02/2025,15:00,St Etienne,Angers,ROUND 23,FRANCE - LIGUE 1,2024/2025,2.37,3.4,2.9,1.06,10.0,2.0,1.9,1.75,2.0,1.4,1.3,1.53,1.2,1.0,0.27,0.27,0.57,0.48,0.25,0.25,0.54,0.46,1.8,0.2,0.9302,0.78,0.54,0.61,0.58,0.31,0.08,0.02,0.54,0.33,0.1,0.02,1.0,0.8,0.21,0.26,0.54,0.51,0.2,0.25,0.51,0.49,1.8,0.2,1.0,1.03,0.54,0.46,0.58,0.31,0.08,0.02,0.63,0.29,0.07,0.01,0.4219,0.2941,0.3448,0.5,0.5263,0.8529,1.03,0.18,Casa_Fav,Odd_Atual_Maior,Odd_Atual_Maior,TD_Under,PTS_fORA,SALDO_fORA,,GS_Casa_M,Equilibrado
2025-02-17 22:53:40,OnizWPzn,22/02/2025,16:00,Metz,AC Ajaccio,ROUND 24,FRANCE - LIGUE 2,2024/2025,,,,1.07,8.5,2.1,1.7,2.25,1.57,1.1,1.19,2.5,1.4,0.2,0.54,0.29,0.5,0.56,0.5,0.27,0.47,0.53,2.6,1.2,0.6154,0.65,0.38,0.06,0.68,0.26,0.05,0.01,0.94,0.06,0.0,0.0,0.4,1.6,0.2,0.28,0.45,0.61,0.18,0.26,0.42,0.58,0.6,-1.2,0.5556,0.33,0.22,0.96,0.8,0.18,0.02,0.0,0.38,0.37,0.18,0.06,,,,0.4762,0.5882,,,,,,,TD_Under,PTS_CASA,SALDO_CASA,GM_Casa_M,GS_Fora_M,Desequilibrado
2025-02-17 22:59:15,6iQuqbv1,22/02/2025,16:00,Vinotinto,Macara,FIRST STAGE ,ECUADOR - LIGA PRO,2025,2.25,3.3,3.0,1.07,8.5,2.15,1.67,1.87,1.77,1.36,1.33,1.62,,,,,,,,,,,,,,,,,,,,,,,,,0.8,1.6,0.24,0.31,0.46,0.6,0.23,0.29,0.43,0.57,0.6,-0.8,-0.4878,0.23,0.41,0.87,0.66,0.27,0.06,0.01,0.42,0.36,0.16,0.05,0.4444,0.303,0.3333,0.4651,0.5988,0.9091,1.05,0.19,Casa_Fav,,Odd_Atual_Maior,TD_Under,,,,,Equilibrado
2025-02-17 20:28:49,KfIdJUNb,22/02/2025,16:45,Antwerp,Leuven,ROUND 27,BELGIUM - JUPILER PRO LEAGUE,2024/2025,,,,1.05,11.0,1.93,1.93,1.8,1.95,1.25,1.29,1.91,2.0,1.2,0.56,0.26,0.57,0.48,0.52,0.25,0.54,0.46,1.6,0.8,0.0,0.38,0.5,0.33,0.61,0.3,0.08,0.01,0.72,0.24,0.04,0.0,0.8,1.0,0.33,0.29,0.5,0.56,0.31,0.27,0.47,0.53,1.0,-0.2,-1.3514,0.43,0.33,0.49,0.72,0.24,0.04,0.0,0.61,0.3,0.07,0.01,,,,0.5181,0.5181,,,,,,,,PTS_fORA,SALDO_CASA,GM_Casa_M,GS_Fora_M,Desequilibrado
2025-02-17 22:30:40,2N7FCKAj,22/02/2025,17:00,Gijon,Almeria,ROUND 28,SPAIN - LALIGA2,2024/2025,,,,,,,,,,,,,,,,,,,,,,,,,,,,,,,,,,,,,1.2,1.2,0.18,0.23,0.57,0.47,0.17,0.22,0.55,0.45,1.4,0.0,-0.7143,0.86,0.83,0.85,0.44,0.36,0.15,0.04,0.43,0.36,0.15,0.04,,,,,,,,,,,,,,,,,Desequilibrado
2025-02-17 22:54:57,CbtfebKE,22/02/2025,17:00,Almagro,Gimnasia y Tiro,ROUND 3,ARGENTINA - PRIMERA NACIONAL,2025,,,,1.2,4.33,3.6,1.29,2.75,1.4,1.4,1.5,1.4,0.4,1.2,0.29,0.36,0.3,0.76,0.27,0.34,0.28,0.72,0.4,-0.8,-0.4348,0.16,0.16,0.52,0.85,0.14,0.01,0.0,0.59,0.31,0.08,0.01,1.0,1.4,0.25,0.34,0.25,0.8,0.23,0.32,0.24,0.76,0.8,-0.4,0.9375,0.29,0.39,0.73,0.68,0.26,0.05,0.01,0.48,0.35,0.13,0.03,,,,0.2778,0.7752,,,,,,,TD_Under,PTS_fORA,SALDO_fORA,GM_Fora_M,GS_Fora_M,Desequilibrado
2025-02-17 22:55:12,ppGi0p2B,22/02/2025,17:00,Almirante Brown,Defensores Unidos,ROUND 3,ARGENTINA - PRIMERA NACIONAL,2025,,,,1.17,5.0,3.1,1.36,2.5,1.5,1.22,1.4,1.7,1.0,1.0,0.36,0.35,0.3,0.76,0.34,0.33,0.28,0.72,0.8,0.0,-0.578,0.21,0.31,0.4,0.73,0.23,0.04,0.0,0.67,0.27,0.05,0.01,0.4,2.0,0.2,0.3,0.36,0.7,0.19,0.28,0.34,0.66,0.2,-1.6,-2.0691,0.1,0.18,1.17,0.84,0.15,0.01,0.0,0.31,0.36,0.21,0.08,,,,0.3226,0.7353,,,,,,,TD_Under,PTS_CASA,SALDO_CASA,GM_Casa_M,GS_Fora_M,Desequilibrado
2025-02-17 22:55:26,hWWlpYBD,22/02/2025,17:00,Atletico Atlanta,All Boys,ROUND 3,ARGENTINA - PRIMERA NACIONAL,2025,,,,1.17,5.0,3.1,1.36,2.5,1.5,1.29,1.4,1.62,1.0,0.2,0.42,0.35,0.29,0.76,0.39,0.33,0.28,0.72,2.2,0.8,0.0,0.58,0.29,0.1,0.75,0.22,0.03,0.0,0.9,0.09,0.0,0.0,1.0,0.4,0.33,0.37,0.27,0.78,0.31,0.35,0.26,0.74,2.2,0.6,0.3448,0.79,0.39,0.18,0.68,0.26,0.05,0.01,0.84,0.15,0.01,0.0,,,,0.3226,0.7353,,,,,,,TD_Under,PTS_fORA,SALDO_fORA,GM_Fora_M,GS_Fora_M,Desequilibrado
2025-02-17 22:55:40,8vFy8y4K,22/02/2025,17:00,Colegiales,Arsenal Sarandi,ROUND 3,ARGENTINA - PRIMERA NACIONAL,2025,1.95,3.0,4.2,1.14,5.5,2.88,1.4,2.5,1.5,1.22,1.36,1.8,,,,,,,,,,,,,,,,,,,,,,,,,0.0,1.4,0.21,0.3,0.33,0.72,0.2,0.28,0.32,0.68,0.4,-1.4,-1.0256,0.25,0.0,0.66,1.0,0.0,0.0,0.0,0.52,0.34,0.11,0.02,0.5128,0.3333,0.2381,0.3472,0.7143,1.4,1.05,0.37,Casa_Fav,,Odd_Atual_Maior,TD_Under,,,,,Desequilibrado
2025-02-17 22:55:46,xM1iywTr,22/02/2025,17:00,Los Andes,Club A. Guemes,ROUND 3,ARGENTINA - PRIMERA NACIONAL,2025,,,,1.17,5.0,3.4,1.33,2.5,1.5,1.36,1.44,1.5,,,,,,,,,,,,,,,,,,,,,,,,,0.2,1.4,0.24,0.35,0.31,0.74,0.22,0.32,0.3,0.7,0.2,-1.2,-1.0,0.11,0.11,0.66,0.9,0.1,0.01,0.0,0.52,0.34,0.11,0.02,,,,0.2941,0.7519,,,,,,,TD_Under,,,,,Desequilibrado
2025-02-17 22:56:00,8QZ2gxkR,22/02/2025,17:00,San Miguel,Deportivo Maipu,ROUND 3,ARGENTINA - PRIMERA NACIONAL,2025,,,,1.07,6.0,2.88,1.4,2.38,1.53,1.29,1.36,1.7,1.4,1.2,0.49,0.34,0.33,0.73,0.46,0.32,0.31,0.69,1.6,0.2,0.0,0.39,0.29,0.21,0.75,0.22,0.03,0.0,0.81,0.17,0.02,0.0,1.2,2.6,0.24,0.32,0.38,0.68,0.22,0.3,0.35,0.64,0.8,-1.4,-1.6215,0.42,0.61,1.31,0.54,0.33,0.1,0.02,0.27,0.35,0.23,0.1,,,,0.3472,0.7143,,,,,,,TD_Under,PTS_fORA,SALDO_CASA,GM_Fora_M,GS_Fora_M,Desequilibrado
2025-02-17 22:50:28,nea4W6Ca,22/02/2025,17:05,Auxerre,Marseille,ROUND 23,FRANCE - LIGUE 1,2024/2025,5.0,4.33,1.6,1.03,15.0,1.67,2.2,1.7,2.05,2.3,1.14,1.1,1.4,0.4,0.28,0.25,0.58,0.47,0.26,0.24,0.55,0.45,1.8,1.0,0.0,0.81,0.66,0.23,0.52,0.34,0.11,0.02,0.79,0.18,0.02,0.0,2.8,0.6,0.49,0.28,0.55,0.48,0.46,0.26,0.53,0.47,3.0,2.2,0.3125,0.86,0.8,0.21,0.45,0.36,0.14,0.04,0.81,0.17,0.02,0.0,0.2,0.2309,0.625,0.5988,0.4545,0.3695,0.67,0.49,Fora_Fav,Media_Maior,Odd_Atual_Maior,TD_Over,PTS_fORA,SALDO_fORA,GM_Fora_M,GS_Casa_M,Desequilibrado
2025-02-17 22:58:05,IwvkCVxq,22/02/2025,18:15,Santa Fe,Bucaramanga,APERTURA ,COLOMBIA - PRIMERA A,2025,1.85,3.2,4.6,1.1,6.1,2.3,1.57,2.05,1.7,1.21,1.32,1.98,1.2,1.4,0.47,0.31,0.42,0.64,0.45,0.3,0.4,0.6,1.2,-0.2,0.16,0.2,0.21,0.45,0.81,0.17,0.02,0.0,0.64,0.29,0.06,0.01,1.6,0.6,0.33,0.34,0.36,0.7,0.31,0.32,0.34,0.66,1.6,1.0,1.3792,0.62,0.63,0.26,0.53,0.34,0.11,0.02,0.77,0.2,0.03,0.0,0.5405,0.3125,0.2174,0.4348,0.6369,1.4375,1.35,0.43,Casa_Fav,Odd_Atual_Maior,Media_Maior,TD_Under,PTS_fORA,SALDO_fORA,GM_Fora_M,GS_Casa_M,Desequilibrado
2025-02-17 22:59:23,6wo7UbP7,22/02/2025,18:30,Delfin,Emelec,FIRST STAGE ,ECUADOR - LIGA PRO,2025,2.57,3.0,2.9,1.09,6.5,2.15,1.65,1.83,1.87,1.44,1.36,1.53,1.6,1.2,0.43,0.3,0.48,0.58,0.4,0.28,0.45,0.55,1.6,0.4,0.6452,0.59,0.6,0.44,0.55,0.33,0.1,0.02,0.64,0.28,0.06,0.01,0.6,1.6,0.27,0.29,0.46,0.6,0.25,0.27,0.43,0.57,0.2,-1.0,0.0,0.09,0.34,0.9,0.71,0.24,0.04,0.0,0.41,0.37,0.16,0.05,0.3891,0.3333,0.3448,0.4651,0.6061,0.9667,0.43,0.08,Casa_Fav,Media_Maior,Odd_Atual_Maior,TD_Under,PTS_CASA,SALDO_CASA,GM_Casa_M,GS_Fora_M,SP_Equilibrado
2025-02-17 22:56:15,tC90bOWN,22/02/2025,20:00,Chaco For Ever,Temperley,ROUND 3,ARGENTINA - PRIMERA NACIONAL,2025,,,,1.1,4.75,3.5,1.3,2.63,1.44,1.36,1.44,1.44,0.6,0.6,0.38,0.36,0.28,0.78,0.36,0.34,0.26,0.74,1.4,0.0,0.0,0.44,0.17,0.17,0.84,0.14,0.01,0.0,0.84,0.14,0.01,0.0,0.6,0.8,0.28,0.36,0.28,0.77,0.26,0.34,0.27,0.73,1.2,-0.2,0.578,0.59,0.29,0.3,0.75,0.22,0.03,0.0,0.74,0.22,0.03,0.0,,,,0.2857,0.7692,,,,,,,TD_Under,PTS_fORA,SALDO_fORA,GM_Fora_M,GS_Fora_M,Desequilibrado
2025-02-17 22:58:14,r15i3h0S,22/02/2025,20:20,Aguilas,Once Caldas,APERTURA ,COLOMBIA - PRIMERA A,2025,2.02,3.15,3.95,1.11,6.0,2.42,1.52,2.1,1.65,1.27,1.34,1.82,0.6,1.4,0.47,0.33,0.37,0.69,0.44,0.31,0.35,0.65,0.4,-0.8,-0.2222,0.09,0.14,0.37,0.87,0.12,0.01,0.0,0.69,0.26,0.05,0.01,0.8,1.6,0.21,0.29,0.44,0.62,0.2,0.28,0.41,0.59,0.8,-0.8,-0.6173,0.49,0.47,0.84,0.63,0.29,0.07,0.01,0.43,0.36,0.15,0.04,0.495,0.3175,0.2532,0.4132,0.6579,1.254,1.13,0.32,Casa_Fav,Odd_Atual_Maior,Odd_Atual_Maior,TD_Under,PTS_fORA,SALDO_CASA,GM_Fora_M,GS_Fora_M,Desequilibrado
2025-02-17 22:59:32,6Tsgh2HE,22/02/2025,21:00,Ind. del Valle,LDU Quito,FIRST STAGE ,ECUADOR - LIGA PRO,2025,2.15,3.3,3.2,1.07,9.0,2.08,1.73,1.83,1.83,1.36,1.33,1.67,3.8,0.8,0.75,0.21,0.6,0.47,0.7,0.19,0.56,0.44,3.0,3.0,0.5831,0.33,0.46,0.13,0.63,0.29,0.07,0.01,0.88,0.11,0.01,0.0,1.8,2.0,0.47,0.3,0.5,0.56,0.44,0.28,0.47,0.53,1.8,-0.2,0.8164,0.61,0.62,0.53,0.54,0.33,0.1,0.02,0.59,0.31,0.08,0.01,0.4651,0.303,0.3125,0.4808,0.578,0.9697,1.15,0.22,Casa_Fav,Media_Maior,Media_Maior,TD_Under,PTS_fORA,SALDO_fORA,GM_Fora_M,GS_Fora_M,Equilibrado
2025-02-17 22:58:22,nemJHiFL,22/02/2025,22:30,Pereira,Fortaleza,APERTURA ,COLOMBIA - PRIMERA A,2025,2.05,3.0,4.0,1.12,5.6,2.57,1.47,2.15,1.62,1.26,1.35,1.78,1.0,0.4,0.49,0.31,0.41,0.65,0.46,0.3,0.38,0.62,2.0,0.6,0.0,0.51,0.25,0.11,0.78,0.19,0.02,0.0,0.9,0.1,0.01,0.0,1.2,1.6,0.3,0.31,0.44,0.63,0.28,0.3,0.41,0.59,0.8,-0.4,-0.7692,0.34,0.52,0.71,0.59,0.31,0.08,0.01,0.49,0.35,0.12,0.03,0.4878,0.3333,0.25,0.3891,0.6803,1.3333,0.95,0.32,Casa_Fav,Media_Maior,Media_Maior,TD_Under,PTS_CASA,SALDO_CASA,GM_Fora_M,GS_Fora_M,Desequilibrado
2025-02-17 20:26:34,nVifh6a3,23/02/2025,03:00,Western United,Adelaide United,ROUND 20,AUSTRALIA - A-LEAGUE,2024/2025,,,,1.01,23.0,1.36,3.2,1.33,3.25,1.44,1.29,1.5,1.0,1.0,0.42,0.25,0.65,0.4,0.4,0.23,0.62,0.38,1.4,0.0,0.4618,0.35,0.3,0.5,0.74,0.22,0.03,0.0,0.61,0.3,0.08,0.01,2.4,0.8,0.5,0.25,0.67,0.38,0.48,0.24,0.64,0.36,3.0,1.6,0.25,0.9,0.73,0.24,0.48,0.35,0.13,0.03,0.79,0.19,0.02,0.0,,,,0.7353,0.3125,,,,,,,TD_Over,PTS_fORA,SALDO_CASA,GM_Fora_M,GS_Casa_M,Desequilibrado
2025-02-17 20:29:04,0joW29wI,23/02/2025,09:30,Club Brugge KV,St. Liege,ROUND 27,BELGIUM - JUPILER PRO LEAGUE,2024/2025,1.3,5.5,8.5,1.03,17.0,1.57,2.35,1.95,1.8,1.08,1.14,3.4,4.2,1.2,0.76,0.18,0.67,0.4,0.71,0.17,0.63,0.37,3.0,3.0,0.2,0.39,0.52,0.15,0.59,0.31,0.08,0.01,0.86,0.13,0.01,0.0,0.6,1.4,0.26,0.28,0.52,0.53,0.24,0.26,0.5,0.5,1.2,-0.8,0.578,0.65,0.34,0.78,0.71,0.24,0.04,0.0,0.46,0.36,0.14,0.04,0.7692,0.1818,0.1176,0.6369,0.4255,1.5455,4.2,0.71,Casa_Fav,Odd_Atual_Maior,Media_Maior,TD_Over,PTS_fORA,SALDO_fORA,GM_Casa_M,GS_Fora_M,Desequilibrado
2025-02-17 22:31:26,S4gXasRp,23/02/2025,10:00,Dep. La Coruna,Huesca,ROUND 28,SPAIN - LALIGA2,2024/2025,1.95,3.25,4.1,1.1,7.0,2.35,1.57,2.1,1.67,1.22,1.33,1.8,,,,,,,,,,,,,,,,,,,,,,,,,,,,,,,,,,,,,,,,,,,,,,,,,0.5128,0.3077,0.2439,0.4255,0.6369,1.2615,1.3,0.35,Casa_Fav,,,TD_Under,,,,,Desequilibrado
2025-02-17 22:47:34,Qol2nBpK,23/02/2025,11:00,Newcastle,Nottingham,ROUND 26,ENGLAND - PREMIER LEAGUE,2024/2025,1.8,3.75,4.1,1.04,13.0,1.62,2.15,1.62,2.2,1.22,1.25,1.95,2.8,1.4,0.59,0.23,0.66,0.39,0.56,0.21,0.63,0.37,2.0,1.4,-0.6,0.4,0.67,0.46,0.51,0.34,0.11,0.03,0.63,0.29,0.07,0.01,2.0,1.0,0.31,0.27,0.58,0.47,0.29,0.25,0.55,0.45,2.4,1.0,0.7692,0.98,0.83,0.7,0.44,0.36,0.15,0.04,0.5,0.35,0.12,0.03,0.5556,0.2667,0.2439,0.6173,0.4651,1.0933,1.95,0.39,Casa_Fav,Media_Maior,Media_Maior,TD_Over,PTS_fORA,SALDO_fORA,GM_Fora_M,GS_Fora_M,Desequilibrado
2025-02-17 22:50:37,AF5QwkKP,23/02/2025,11:00,Nantes,Lens,ROUND 23,FRANCE - LIGUE 1,2024/2025,3.6,3.3,2.05,1.06,9.5,2.0,1.8,1.8,1.95,1.66,1.27,1.22,1.0,1.4,0.35,0.31,0.46,0.59,0.33,0.29,0.44,0.56,1.0,-0.4,0.0,0.42,0.44,0.55,0.64,0.28,0.06,0.01,0.58,0.32,0.09,0.02,1.6,0.8,0.49,0.25,0.56,0.48,0.47,0.23,0.54,0.47,2.0,0.8,0.1667,0.43,0.35,0.26,0.7,0.25,0.04,0.01,0.77,0.2,0.03,0.0,0.2778,0.303,0.4878,0.5,0.5556,0.6212,0.3,0.28,Fora_Fav,Media_Maior,Media_Maior,TD_Under,PTS_fORA,SALDO_fORA,GM_Casa_M,GS_Casa_M,Equilibrado
2025-02-17 20:29:14,nsKlLjgn,23/02/2025,12:00,Genk,Gent,ROUND 27,BELGIUM - JUPILER PRO LEAGUE,2024/2025,1.62,3.75,4.75,1.03,15.0,1.62,2.25,1.62,2.2,1.17,1.22,2.1,2.4,0.4,0.63,0.24,0.61,0.45,0.59,0.23,0.57,0.43,3.0,2.0,0.3636,0.6,0.46,0.06,0.63,0.29,0.07,0.01,0.94,0.06,0.0,0.0,0.6,1.6,0.42,0.28,0.56,0.49,0.39,0.26,0.53,0.47,1.2,-1.0,0.0,0.4,0.25,0.81,0.78,0.19,0.02,0.0,0.44,0.36,0.15,0.04,0.6173,0.2667,0.2105,0.6173,0.4444,1.2667,2.13,0.47,Casa_Fav,Media_Maior,Media_Maior,TD_Over,PTS_CASA,SALDO_CASA,GM_Casa_M,GS_Fora_M,Desequilibrado
2025-02-17 22:31:35,UTa1zO2c,23/02/2025,12:15,Elche,FC Cartagena SAD,ROUND 28,SPAIN - LALIGA2,2024/2025,,,,1.06,9.0,1.93,1.88,2.67,1.44,1.04,1.15,4.05,1.2,1.4,0.21,0.25,0.53,0.51,0.2,0.24,0.51,0.49,1.4,-0.2,0.0,0.81,0.63,0.92,0.53,0.34,0.11,0.02,0.4,0.37,0.17,0.05,,,,,,,,,,,,,,,,,,,,,,,,,,,,0.5181,0.5319,,,,,,,TD_Under,,,,,Desequilibrado
2025-02-17 22:50:46,ETLNJTSg,23/02/2025,13:15,Le Havre,Toulouse,ROUND 23,FRANCE - LIGUE 1,2024/2025,4.1,3.4,1.91,1.07,9.0,2.0,1.8,1.91,1.91,1.77,1.24,1.16,0.4,1.8,0.33,0.3,0.48,0.57,0.31,0.28,0.46,0.54,0.6,-1.4,-0.6452,0.19,0.19,0.85,0.83,0.16,0.01,0.0,0.43,0.36,0.15,0.04,1.2,1.0,0.29,0.26,0.57,0.47,0.28,0.25,0.55,0.45,1.8,0.2,0.5128,0.76,0.47,0.64,0.63,0.29,0.07,0.01,0.53,0.34,0.11,0.02,0.2439,0.2941,0.5236,0.5,0.5556,0.5618,0.7,0.36,Fora_Fav,Media_Maior,Odd_Atual_Maior,TD_Under,PTS_fORA,SALDO_fORA,GM_Fora_M,GS_Casa_M,Desequilibrado
2025-02-17 22:50:54,rNhDUpsC,23/02/2025,13:15,Nice,Montpellier,ROUND 23,FRANCE - LIGUE 1,2024/2025,1.42,4.75,7.0,1.03,17.0,1.53,2.5,1.7,2.05,1.05,1.12,2.75,2.2,1.4,0.47,0.28,0.53,0.52,0.44,0.27,0.51,0.49,2.6,0.8,0.3125,0.79,0.67,0.43,0.51,0.34,0.11,0.03,0.65,0.28,0.06,0.01,0.4,1.8,0.23,0.25,0.6,0.44,0.21,0.23,0.58,0.42,0.0,-1.4,-0.7353,0.0,0.24,1.09,0.79,0.19,0.02,0.0,0.34,0.37,0.2,0.07,0.7042,0.2105,0.1429,0.6536,0.4,1.4737,3.33,0.64,Casa_Fav,Odd_Atual_Maior,Media_Maior,TD_Over,PTS_CASA,SALDO_CASA,GM_Casa_M,GS_Fora_M,Desequilibrado
2025-02-17 22:51:01,r9DvGoSI,23/02/2025,13:15,Strasbourg,Brest,ROUND 23,FRANCE - LIGUE 1,2024/2025,2.05,3.4,3.6,1.05,11.0,1.89,2.01,1.7,2.05,1.22,1.24,1.66,1.8,1.4,0.43,0.28,0.56,0.48,0.4,0.27,0.54,0.46,1.6,0.4,0.4878,0.44,0.55,0.56,0.58,0.32,0.09,0.02,0.57,0.32,0.09,0.02,1.2,2.4,0.28,0.29,0.47,0.58,0.26,0.28,0.45,0.56,0.6,-1.2,0.5128,0.31,0.65,1.19,0.52,0.34,0.11,0.02,0.3,0.36,0.22,0.09,0.4878,0.2941,0.2778,0.5291,0.4975,1.0588,1.35,0.28,Casa_Fav,Odd_Atual_Maior,Media_Maior,TD_Over,PTS_CASA,SALDO_fORA,GM_Fora_M,GS_Fora_M,Equilibrado
2025-02-17 20:29:23,8Glv1m8U,23/02/2025,14:30,Anderlecht,Royale Union SG,ROUND 27,BELGIUM - JUPILER PRO LEAGUE,2024/2025,2.5,3.6,2.5,1.04,12.0,1.88,1.98,1.7,2.05,1.5,1.29,1.5,2.8,1.4,0.57,0.24,0.6,0.46,0.53,0.22,0.57,0.43,1.8,1.4,-1.7646,0.34,0.59,0.49,0.55,0.33,0.1,0.02,0.61,0.3,0.07,0.01,1.4,0.8,0.49,0.29,0.53,0.52,0.46,0.27,0.5,0.5,1.8,0.6,0.3226,0.56,0.44,0.25,0.64,0.28,0.06,0.01,0.78,0.19,0.02,0.0,0.4,0.2778,0.4,0.5319,0.5051,0.6944,1.1,0.22,,Media_Maior,Media_Maior,TD_Over,PTS_fORA,SALDO_fORA,GM_Casa_M,GS_Casa_M,Equilibrado
2025-02-17 22:31:49,2u1o9o4b,23/02/2025,14:30,Albacete,Eldense,ROUND 28,SPAIN - LALIGA2,2024/2025,,,,1.08,8.0,2.25,1.62,2.0,1.73,1.25,1.33,1.8,,,,,,,,,,,,,,,,,,,,,,,,,,,,,,,,,,,,,,,,,,,,,,,,,,,,0.4444,0.6173,,,,,,,TD_Under,,,,,Desequilibrado
2025-02-17 22:32:03,ChTzK2IG,23/02/2025,14:30,Levante,Mirandes,ROUND 28,SPAIN - LALIGA2,2024/2025,,,,1.06,9.5,2.0,1.85,1.83,1.83,1.22,1.3,1.91,1.8,1.6,0.28,0.27,0.56,0.48,0.27,0.26,0.53,0.47,1.4,0.2,0.4545,0.7,0.94,0.84,0.39,0.37,0.17,0.05,0.43,0.36,0.15,0.04,,,,,,,,,,,,,,,,,,,,,,,,,,,,0.5,0.5405,,,,,,,TD_Under,,,,,Desequilibrado
2025-02-17 22:59:39,bRMXpK9l,23/02/2025,14:45,U. Catolica,EL Nacional,FIRST STAGE ,ECUADOR - LIGA PRO,2025,1.67,4.2,4.1,1.03,17.0,1.6,2.3,1.62,2.2,1.22,1.22,2.15,1.8,1.4,0.57,0.27,0.56,0.5,0.53,0.25,0.53,0.47,1.8,0.4,0.1818,0.27,0.37,0.39,0.69,0.26,0.05,0.01,0.68,0.26,0.05,0.01,0.8,1.2,0.23,0.26,0.53,0.53,0.21,0.24,0.5,0.5,1.0,-0.4,-1.7544,0.5,0.41,0.76,0.66,0.27,0.06,0.01,0.47,0.36,0.14,0.03,0.5988,0.2381,0.2439,0.625,0.4348,0.9762,2.53,0.43,Casa_Fav,Odd_Atual_Maior,Odd_Atual_Maior,TD_Over,PTS_fORA,SALDO_CASA,GM_Fora_M,GS_Fora_M,Desequilibrado
2025-02-17 20:29:33,vcYcH8hB,23/02/2025,15:15,Kortrijk,Cercle Brugge KSV,ROUND 27,BELGIUM - JUPILER PRO LEAGUE,2024/2025,3.0,3.25,2.25,1.06,9.5,2.05,1.75,1.8,1.95,1.62,1.33,1.36,1.0,1.4,0.39,0.28,0.54,0.52,0.37,0.26,0.51,0.49,1.2,-0.4,-0.5405,0.43,0.43,0.55,0.65,0.28,0.06,0.01,0.58,0.32,0.09,0.02,1.0,1.2,0.38,0.3,0.54,0.52,0.35,0.28,0.51,0.49,1.0,-0.2,0.3802,0.42,0.36,0.42,0.7,0.25,0.05,0.01,0.66,0.28,0.06,0.01,0.3333,0.3077,0.4444,0.4878,0.5714,0.6923,0.25,0.18,Fora_Fav,Media_Maior,Odd_Atual_Maior,TD_Under,PTS_CASA,SALDO_fORA,GM_Casa_M,GS_Casa_M,Equilibrado
2025-02-17 22:51:09,jmdLSOBO,23/02/2025,16:45,Lyon,PSG,ROUND 23,FRANCE - LIGUE 1,2024/2025,3.9,4.1,1.75,1.02,19.0,1.44,2.75,1.44,2.63,2.0,1.16,1.19,2.0,0.6,0.68,0.21,0.69,0.36,0.65,0.2,0.65,0.35,2.6,1.4,0.1333,0.43,0.37,0.11,0.69,0.26,0.05,0.01,0.9,0.1,0.01,0.0,2.6,1.0,0.65,0.23,0.66,0.39,0.61,0.22,0.63,0.37,2.6,1.6,0.2667,0.52,0.51,0.18,0.6,0.31,0.08,0.01,0.84,0.15,0.01,0.0,0.2564,0.2439,0.5714,0.6944,0.3636,0.4268,0.2,0.4,Fora_Fav,Media_Maior,Media_Maior,TD_Over,PTS_fORA,SALDO_fORA,GM_Fora_M,GS_Fora_M,Desequilibrado
2025-02-17 22:56:29,Cf0Wh2fo,23/02/2025,17:00,CA Mitre,Colon Santa Fe,ROUND 3,ARGENTINA - PRIMERA NACIONAL,2025,2.9,2.9,2.55,1.08,5.5,3.1,1.36,2.5,1.5,1.5,1.4,1.4,0.8,0.4,0.51,0.34,0.29,0.77,0.47,0.32,0.27,0.73,1.8,0.4,0.1333,0.37,0.14,0.07,0.87,0.12,0.01,0.0,0.93,0.07,0.0,0.0,0.4,0.4,0.42,0.35,0.29,0.76,0.39,0.33,0.28,0.72,1.0,0.0,0.0,0.28,0.1,0.12,0.9,0.09,0.0,0.0,0.89,0.11,0.01,0.0,0.3448,0.3448,0.3922,0.3226,0.7353,0.8793,0.0,0.07,Fora_Fav,Media_Maior,Media_Maior,TD_Under,PTS_CASA,SALDO_CASA,GM_Casa_M,GS_Fora_M,SP_Equilibrado
2025-02-17 22:56:37,CWHq26Xb,23/02/2025,17:00,Central Norte,CA Estudiantes,ROUND 3,ARGENTINA - PRIMERA NACIONAL,2025,2.5,2.8,3.1,1.08,5.5,2.88,1.4,2.25,1.57,1.36,1.4,1.5,,,,,,,,,,,,,,,,,,,,,,,,,0.6,1.8,0.3,0.35,0.3,0.76,0.28,0.33,0.28,0.72,0.8,-1.2,-0.4762,0.32,0.25,0.74,0.78,0.19,0.02,0.0,0.48,0.35,0.13,0.03,0.4,0.3571,0.3226,0.3472,0.7143,1.1071,0.3,0.11,Casa_Fav,,Odd_Atual_Maior,TD_Under,,,,,Equilibrado
2025-02-17 22:56:46,hh8PdBeJ,23/02/2025,17:00,Gimnasia Jujuy,Talleres (R.E),ROUND 3,ARGENTINA - PRIMERA NACIONAL,2025,1.7,3.3,5.0,1.05,6.5,2.6,1.48,2.5,1.5,1.17,1.33,2.1,0.8,0.6,0.51,0.34,0.3,0.75,0.48,0.32,0.29,0.72,1.8,0.2,-0.4,0.37,0.15,0.13,0.86,0.13,0.01,0.0,0.88,0.11,0.01,0.0,1.0,2.0,0.22,0.32,0.35,0.71,0.2,0.3,0.33,0.67,0.4,-1.0,-0.5882,0.19,0.53,1.08,0.59,0.31,0.08,0.01,0.34,0.37,0.2,0.07,0.5882,0.303,0.2,0.3846,0.6757,1.5152,1.6,0.5,Casa_Fav,Odd_Atual_Maior,Media_Maior,TD_Under,PTS_CASA,SALDO_CASA,GM_Fora_M,GS_Fora_M,Desequilibrado
2025-02-17 22:59:47,Y31z5u1K,23/02/2025,17:15,Orense,Manta,FIRST STAGE ,ECUADOR - LIGA PRO,2025,1.65,4.0,4.33,1.07,9.0,2.15,1.67,2.2,1.62,1.2,1.22,2.2,0.8,0.8,0.53,0.3,0.43,0.63,0.49,0.28,0.41,0.59,1.6,0.0,-0.606,0.33,0.23,0.28,0.79,0.18,0.02,0.0,0.76,0.21,0.03,0.0,0.8,1.4,0.18,0.24,0.53,0.53,0.16,0.22,0.5,0.5,1.0,-0.6,0.625,0.67,0.53,0.97,0.59,0.31,0.08,0.01,0.38,0.37,0.18,0.06,0.6061,0.25,0.2309,0.4651,0.5988,1.0825,2.35,0.44,Casa_Fav,Odd_Atual_Maior,Odd_Atual_Maior,TD_Under,PTS_fORA,SALDO_fORA,GM_Fora_M,GS_Fora_M,Desequilibrado
2025-02-17 22:58:29,vXjNcWNk,23/02/2025,18:00,Alianza,Atl. Nacional,APERTURA ,COLOMBIA - PRIMERA A,2025,4.25,3.25,1.9,1.1,6.3,2.27,1.6,2.02,1.7,1.93,1.32,1.24,1.0,1.2,0.39,0.32,0.42,0.63,0.37,0.31,0.4,0.6,1.4,-0.2,-1.5208,0.48,0.33,0.42,0.72,0.24,0.04,0.0,0.66,0.28,0.06,0.01,1.2,0.8,0.3,0.32,0.43,0.63,0.28,0.29,0.41,0.59,1.4,0.4,0.0,0.5,0.44,0.41,0.64,0.28,0.06,0.01,0.66,0.27,0.06,0.01,0.2353,0.3077,0.5263,0.4405,0.625,0.5846,1.0,0.38,Fora_Fav,Media_Maior,Odd_Atual_Maior,TD_Under,PTS_fORA,SALDO_fORA,GM_Fora_M,GS_Casa_M,Desequilibrado
2025-02-17 22:59:56,S6Elsx9D,23/02/2025,20:00,Barcelona SC,Mushuc Runa,FIRST STAGE ,ECUADOR - LIGA PRO,2025,1.4,4.5,7.5,1.04,9.0,1.65,2.15,1.87,1.83,1.11,1.19,3.05,3.2,0.6,0.69,0.25,0.52,0.54,0.64,0.23,0.49,0.51,2.6,2.6,0.5831,0.37,0.39,0.09,0.68,0.26,0.05,0.01,0.91,0.08,0.0,0.0,1.6,2.6,0.24,0.27,0.54,0.52,0.22,0.25,0.51,0.49,1.0,-1.0,-0.909,0.53,0.85,1.49,0.43,0.36,0.15,0.04,0.23,0.34,0.25,0.12,0.7143,0.2222,0.1333,0.6061,0.4651,1.6667,3.1,0.68,Casa_Fav,Odd_Atual_Maior,Media_Maior,TD_Over,PTS_fORA,SALDO_CASA,GM_Fora_M,GS_Fora_M,Desequilibrado
2025-02-17 23:00:04,hlr7aJOs,24/02/2025,21:00,Tecnico U.,Libertad,FIRST STAGE ,ECUADOR - LIGA PRO,2025,1.75,3.7,4.45,1.06,7.7,1.95,1.8,1.88,1.82,1.22,1.26,2.12,1.6,1.0,0.46,0.29,0.47,0.59,0.43,0.27,0.44,0.56,1.4,0.6,1.0256,0.47,0.52,0.35,0.59,0.31,0.08,0.01,0.7,0.25,0.04,0.01,0.8,1.6,0.17,0.24,0.51,0.54,0.16,0.23,0.49,0.51,0.8,-0.8,1.3635,0.42,0.36,1.09,0.7,0.25,0.05,0.01,0.34,0.37,0.2,0.07,0.5714,0.2703,0.2247,0.5128,0.5556,1.2027,1.95,0.42,Casa_Fav,Odd_Atual_Maior,Odd_Atual_Maior,TD_Under,PTS_CASA,SALDO_fORA,GM_Casa_M,GS_Fora_M,Desequilibrado
2025-02-17 20:26:48,bTgTpzSI,28/02/2025,03:30,Wellington Phoenix,Melbourne City,ROUND 21,AUSTRALIA - A-LEAGUE,2024/2025,4.2,3.7,1.8,1.06,10.0,2.05,1.8,1.95,1.8,1.95,1.29,1.22,1.0,1.0,0.35,0.26,0.58,0.47,0.33,0.25,0.55,0.45,1.4,0.0,0.0,0.59,0.37,0.38,0.69,0.26,0.05,0.01,0.68,0.26,0.05,0.01,2.2,1.2,0.38,0.28,0.57,0.49,0.36,0.27,0.54,0.46,1.6,1.0,-1.2246,0.58,0.79,0.48,0.45,0.36,0.14,0.04,0.62,0.3,0.07,0.01,0.2381,0.2703,0.5556,0.4878,0.5556,0.4865,0.5,0.39,Fora_Fav,Media_Maior,Odd_Atual_Maior,TD_Under,PTS_CASA,SALDO_CASA,GM_Fora_M,GS_Fora_M,Desequilibrado
2025-02-17 20:27:01,tUp3jpUF,28/02/2025,05:35,Central Coast Mariners,Western United,ROUND 21,AUSTRALIA - A-LEAGUE,2024/2025,,,,1.03,17.0,1.57,2.38,1.5,2.5,1.57,1.29,1.4,0.8,2.6,0.33,0.29,0.55,0.5,0.32,0.27,0.52,0.48,0.8,-1.8,0.0,0.41,0.38,1.08,0.68,0.26,0.05,0.01,0.34,0.37,0.2,0.07,2.8,1.6,0.38,0.23,0.66,0.4,0.37,0.22,0.62,0.38,2.4,1.2,-0.8888,1.04,1.3,0.7,0.27,0.35,0.23,0.1,0.5,0.35,0.12,0.03,,,,0.6369,0.4202,,,,,,,TD_Over,PTS_fORA,SALDO_CASA,GM_Fora_M,GS_Casa_M,Desequilibrado
2025-02-17 22:53:54,63ngrfQ8,28/02/2025,16:00,Annecy,Paris FC,ROUND 25,FRANCE - LIGUE 2,2024/2025,,,,,,,,,,,,,1.4,0.8,0.41,0.32,0.46,0.6,0.38,0.29,0.44,0.56,2.0,0.6,-1.0713,0.68,0.46,0.29,0.63,0.29,0.07,0.01,0.75,0.22,0.03,0.0,1.0,0.4,0.45,0.31,0.49,0.57,0.41,0.29,0.46,0.54,1.6,0.6,-0.9756,0.43,0.25,0.2,0.78,0.19,0.02,0.0,0.82,0.16,0.02,0.0,,,,,,,,,,,,,PTS_CASA,SALDO_fORA,GM_Casa_M,GS_Casa_M,Desequilibrado
2025-02-17 20:29:42,YamfOG5e,28/02/2025,16:45,Charleroi,Genk,ROUND 28,BELGIUM - JUPILER PRO LEAGUE,2024/2025,,,,,,,,,,,,,1.2,1.0,0.49,0.29,0.52,0.53,0.45,0.27,0.49,0.51,1.6,0.2,0.0,0.42,0.34,0.32,0.71,0.24,0.04,0.0,0.73,0.23,0.04,0.0,1.2,2.2,0.35,0.27,0.57,0.48,0.33,0.26,0.55,0.45,1.0,-1.0,0.3571,0.36,0.43,0.99,0.65,0.28,0.06,0.01,0.37,0.37,0.18,0.06,,,,,,,,,,,,,PTS_CASA,SALDO_fORA,GM_Fora_M,GS_Fora_M,Desequilibrado
2025-02-17 22:51:18,bHDVry2M,28/02/2025,16:45,Monaco,Reims,ROUND 24,FRANCE - LIGUE 1,2024/2025,1.5,4.8,5.7,1.03,13.0,1.5,2.62,1.6,2.25,1.16,1.18,2.65,2.0,1.8,0.56,0.24,0.61,0.44,0.53,0.23,0.58,0.42,1.8,0.2,0.2,0.37,0.56,0.63,0.57,0.32,0.09,0.02,0.53,0.34,0.11,0.02,1.0,1.2,0.39,0.3,0.52,0.52,0.37,0.29,0.5,0.5,0.8,-0.2,-0.5882,0.25,0.29,0.4,0.75,0.22,0.03,0.0,0.67,0.27,0.05,0.01,0.6667,0.2083,0.1754,0.6667,0.3817,1.1875,3.3,0.55,Casa_Fav,Odd_Atual_Maior,Media_Maior,TD_Over,PTS_CASA,SALDO_CASA,GM_Casa_M,GS_Casa_M,Desequilibrado
